﻿{"cameraMode":{"drawMode":0,"name":"Shaded","section":"Shading Mode"},"sceneLighting":true,"audioPlay":false,"sceneViewState":{"showFog":true,"showMaterialUpdate":false,"showSkybox":true,"showFlares":true,"showImageEffects":true,"showParticleSystems":true},"in2DMode":false,"pivot":{"x":-1.3467216491699219,"y":8.06053352355957,"z":-45.670040130615237},"rotation":{"x":-0.18590587377548219,"y":0.11905757337808609,"z":-0.02269926480948925,"w":-0.9750636219978333},"size":37.2256965637207,"orthographic":false}